{
  "mood_great": {
    "precision": 0.6470588235294118,
    "recall": 0.7857142857142857,
    "f1-score": 0.7096774193548386,
    "support": 14,
    "confused_with": {
      "thank_you": 1,
      "inform_city": 1
    }
  },
  "request_price_range": {
    "precision": 0.6923076923076923,
    "recall": 0.5294117647058824,
    "f1-score": 0.5999999999999999,
    "support": 17,
    "confused_with": {
      "request_street_address": 3,
      "affirm": 2
    }
  },
  "inform_price_range": {
    "precision": 0.25,
    "recall": 0.1111111111111111,
    "f1-score": 0.15384615384615383,
    "support": 9,
    "confused_with": {
      "inform_cuisine": 4,
      "inform_intent": 2
    }
  },
  "inform_party_size": {
    "precision": 0.7428571428571429,
    "recall": 0.7027027027027027,
    "f1-score": 0.7222222222222223,
    "support": 37,
    "confused_with": {
      "inform_city": 4,
      "inform_time": 4
    }
  },
  "affirm_intent": {
    "precision": 0.8,
    "recall": 0.7692307692307693,
    "f1-score": 0.7843137254901961,
    "support": 26,
    "confused_with": {
      "affirm": 3,
      "select": 2
    }
  },
  "inform_name": {
    "precision": 0.9047619047619048,
    "recall": 0.9047619047619048,
    "f1-score": 0.9047619047619048,
    "support": 21,
    "confused_with": {
      "inform_cuisine": 1,
      "mood_great": 1
    }
  },
  "inform_time": {
    "precision": 0.7291666666666666,
    "recall": 0.9210526315789473,
    "f1-score": 0.8139534883720931,
    "support": 38,
    "confused_with": {
      "inform_party_size": 2,
      "inform_date": 1
    }
  },
  "greet": {
    "precision": 0.9166666666666666,
    "recall": 0.8461538461538461,
    "f1-score": 0.8799999999999999,
    "support": 13,
    "confused_with": {
      "inform_restaurant_name": 1,
      "inform_city": 1
    }
  },
  "request_street_address": {
    "precision": 0.6904761904761905,
    "recall": 0.8055555555555556,
    "f1-score": 0.7435897435897436,
    "support": 36,
    "confused_with": {
      "request_phone_number": 3,
      "request_has_live_music": 2
    }
  },
  "affirm": {
    "precision": 0.7666666666666667,
    "recall": 0.7666666666666667,
    "f1-score": 0.7666666666666667,
    "support": 90,
    "confused_with": {
      "select": 9,
      "request_has_live_music": 2
    }
  },
  "goodbye": {
    "precision": 0.6097560975609756,
    "recall": 0.5813953488372093,
    "f1-score": 0.5952380952380952,
    "support": 43,
    "confused_with": {
      "thank_you": 16,
      "select": 2
    }
  },
  "inform_phone_number": {
    "precision": 1.0,
    "recall": 1.0,
    "f1-score": 1.0,
    "support": 41,
    "confused_with": {}
  },
  "request_serves_alcohol": {
    "precision": 0.7692307692307693,
    "recall": 0.5882352941176471,
    "f1-score": 0.6666666666666667,
    "support": 17,
    "confused_with": {
      "request_street_address": 2,
      "request_phone_number": 2
    }
  },
  "request_phone_number": {
    "precision": 0.65625,
    "recall": 0.65625,
    "f1-score": 0.65625,
    "support": 32,
    "confused_with": {
      "request_has_live_music": 5,
      "request_street_address": 3
    }
  },
  "request_has_live_music": {
    "precision": 0.7105263157894737,
    "recall": 0.7941176470588235,
    "f1-score": 0.7499999999999999,
    "support": 34,
    "confused_with": {
      "request_phone_number": 3,
      "request_street_address": 2
    }
  },
  "inform_restaurant_name": {
    "precision": 0.8181818181818182,
    "recall": 0.3,
    "f1-score": 0.43902439024390244,
    "support": 30,
    "confused_with": {
      "inform_city": 8,
      "inform_cuisine": 3
    }
  },
  "inform_cuisine": {
    "precision": 0.7368421052631579,
    "recall": 0.7887323943661971,
    "f1-score": 0.7619047619047618,
    "support": 71,
    "confused_with": {
      "inform_intent": 6,
      "inform_city": 3
    }
  },
  "thank_you": {
    "precision": 0.6842105263157895,
    "recall": 0.7027027027027027,
    "f1-score": 0.6933333333333334,
    "support": 74,
    "confused_with": {
      "goodbye": 16,
      "negate": 4
    }
  },
  "inform_date": {
    "precision": 0.5454545454545454,
    "recall": 0.42857142857142855,
    "f1-score": 0.4799999999999999,
    "support": 28,
    "confused_with": {
      "select": 5,
      "inform_intent": 3
    }
  },
  "negate": {
    "precision": 0.7934782608695652,
    "recall": 0.8295454545454546,
    "f1-score": 0.8111111111111111,
    "support": 88,
    "confused_with": {
      "thank_you": 4,
      "inform_time": 3
    }
  },
  "inform_intent": {
    "precision": 0.6875,
    "recall": 0.8088235294117647,
    "f1-score": 0.7432432432432432,
    "support": 68,
    "confused_with": {
      "select": 5,
      "negate": 3
    }
  },
  "select": {
    "precision": 0.7011494252873564,
    "recall": 0.6931818181818182,
    "f1-score": 0.6971428571428572,
    "support": 88,
    "confused_with": {
      "affirm": 12,
      "inform_intent": 6
    }
  },
  "request_alts": {
    "precision": 0.8793103448275862,
    "recall": 0.8947368421052632,
    "f1-score": 0.8869565217391304,
    "support": 57,
    "confused_with": {
      "affirm": 1,
      "inform_city": 1
    }
  },
  "inform_city": {
    "precision": 0.6307692307692307,
    "recall": 0.640625,
    "f1-score": 0.6356589147286822,
    "support": 64,
    "confused_with": {
      "inform_cuisine": 6,
      "inform_intent": 6
    }
  },
  "mood_unhappy": {
    "precision": 1.0,
    "recall": 0.7857142857142857,
    "f1-score": 0.88,
    "support": 14,
    "confused_with": {
      "mood_great": 2,
      "greet": 1
    }
  },
  "accuracy": 0.7380952380952381,
  "macro avg": {
    "precision": 0.7345048477393044,
    "recall": 0.7053997193517706,
    "f1-score": 0.711022448786224,
    "support": 1050
  },
  "weighted avg": {
    "precision": 0.7379361414246034,
    "recall": 0.7380952380952381,
    "f1-score": 0.7324197443755904,
    "support": 1050
  }
}