{
  "request_phone_number": {
    "precision": 0.6363636363636364,
    "recall": 0.65625,
    "f1-score": 0.6461538461538462,
    "support": 32,
    "confused_with": {
      "request_has_live_music": 6,
      "request_street_address": 3
    }
  },
  "request_street_address": {
    "precision": 0.6904761904761905,
    "recall": 0.8055555555555556,
    "f1-score": 0.7435897435897436,
    "support": 36,
    "confused_with": {
      "request_phone_number": 3,
      "request_has_live_music": 2
    }
  },
  "request_alts": {
    "precision": 0.8793103448275862,
    "recall": 0.8947368421052632,
    "f1-score": 0.8869565217391304,
    "support": 57,
    "confused_with": {
      "inform_city": 2,
      "request_price_range": 1
    }
  },
  "thank_you": {
    "precision": 0.6410256410256411,
    "recall": 0.6756756756756757,
    "f1-score": 0.6578947368421052,
    "support": 74,
    "confused_with": {
      "goodbye": 19,
      "negate": 2
    }
  },
  "inform_restaurant_name": {
    "precision": 0.5,
    "recall": 0.2,
    "f1-score": 0.28571428571428575,
    "support": 30,
    "confused_with": {
      "inform_city": 9,
      "inform_cuisine": 4
    }
  },
  "inform_party_size": {
    "precision": 0.5862068965517241,
    "recall": 0.4594594594594595,
    "f1-score": 0.5151515151515151,
    "support": 37,
    "confused_with": {
      "negate": 9,
      "inform_time": 4
    }
  },
  "greet": {
    "precision": 0.9,
    "recall": 0.6923076923076923,
    "f1-score": 0.7826086956521738,
    "support": 13,
    "confused_with": {
      "select": 2,
      "inform_city": 1
    }
  },
  "mood_great": {
    "precision": 0.875,
    "recall": 0.5,
    "f1-score": 0.6363636363636364,
    "support": 14,
    "confused_with": {
      "inform_cuisine": 2,
      "affirm": 1
    }
  },
  "request_price_range": {
    "precision": 0.5,
    "recall": 0.4117647058823529,
    "f1-score": 0.45161290322580644,
    "support": 17,
    "confused_with": {
      "request_street_address": 3,
      "affirm": 2
    }
  },
  "inform_price_range": {
    "precision": 0.25,
    "recall": 0.1111111111111111,
    "f1-score": 0.15384615384615383,
    "support": 9,
    "confused_with": {
      "inform_cuisine": 5,
      "inform_city": 2
    }
  },
  "inform_cuisine": {
    "precision": 0.6753246753246753,
    "recall": 0.7323943661971831,
    "f1-score": 0.7027027027027026,
    "support": 71,
    "confused_with": {
      "inform_city": 6,
      "inform_intent": 4
    }
  },
  "inform_city": {
    "precision": 0.5671641791044776,
    "recall": 0.59375,
    "f1-score": 0.5801526717557253,
    "support": 64,
    "confused_with": {
      "inform_cuisine": 6,
      "inform_intent": 6
    }
  },
  "inform_time": {
    "precision": 0.717391304347826,
    "recall": 0.868421052631579,
    "f1-score": 0.7857142857142858,
    "support": 38,
    "confused_with": {
      "inform_party_size": 2,
      "inform_city": 1
    }
  },
  "inform_phone_number": {
    "precision": 1.0,
    "recall": 1.0,
    "f1-score": 1.0,
    "support": 41,
    "confused_with": {}
  },
  "inform_name": {
    "precision": 0.95,
    "recall": 0.9047619047619048,
    "f1-score": 0.9268292682926829,
    "support": 21,
    "confused_with": {
      "thank_you": 1,
      "inform_restaurant_name": 1
    }
  },
  "goodbye": {
    "precision": 0.5,
    "recall": 0.5116279069767442,
    "f1-score": 0.5057471264367817,
    "support": 43,
    "confused_with": {
      "thank_you": 19,
      "request_serves_alcohol": 1
    }
  },
  "request_has_live_music": {
    "precision": 0.5813953488372093,
    "recall": 0.7352941176470589,
    "f1-score": 0.6493506493506493,
    "support": 34,
    "confused_with": {
      "request_price_range": 3,
      "request_street_address": 2
    }
  },
  "select": {
    "precision": 0.6236559139784946,
    "recall": 0.6590909090909091,
    "f1-score": 0.6408839779005524,
    "support": 88,
    "confused_with": {
      "affirm": 14,
      "inform_intent": 4
    }
  },
  "inform_intent": {
    "precision": 0.6764705882352942,
    "recall": 0.6764705882352942,
    "f1-score": 0.6764705882352942,
    "support": 68,
    "confused_with": {
      "select": 7,
      "inform_cuisine": 4
    }
  },
  "affirm_intent": {
    "precision": 0.68,
    "recall": 0.6538461538461539,
    "f1-score": 0.6666666666666666,
    "support": 26,
    "confused_with": {
      "select": 4,
      "affirm": 3
    }
  },
  "inform_date": {
    "precision": 0.6086956521739131,
    "recall": 0.5,
    "f1-score": 0.5490196078431373,
    "support": 28,
    "confused_with": {
      "negate": 4,
      "select": 4
    }
  },
  "request_serves_alcohol": {
    "precision": 0.5,
    "recall": 0.47058823529411764,
    "f1-score": 0.48484848484848486,
    "support": 17,
    "confused_with": {
      "request_phone_number": 3,
      "request_has_live_music": 3
    }
  },
  "negate": {
    "precision": 0.7422680412371134,
    "recall": 0.8181818181818182,
    "f1-score": 0.7783783783783784,
    "support": 88,
    "confused_with": {
      "inform_party_size": 4,
      "thank_you": 3
    }
  },
  "affirm": {
    "precision": 0.7222222222222222,
    "recall": 0.7222222222222222,
    "f1-score": 0.7222222222222222,
    "support": 90,
    "confused_with": {
      "select": 7,
      "request_has_live_music": 3
    }
  },
  "mood_unhappy": {
    "precision": 0.9166666666666666,
    "recall": 0.7857142857142857,
    "f1-score": 0.8461538461538461,
    "support": 14,
    "confused_with": {
      "thank_you": 1,
      "goodbye": 1
    }
  },
  "accuracy": 0.6847619047619048,
  "macro avg": {
    "precision": 0.6767854920549068,
    "recall": 0.6415689841158552,
    "f1-score": 0.6510013005911922,
    "support": 1050
  },
  "weighted avg": {
    "precision": 0.6810952494989146,
    "recall": 0.6847619047619048,
    "f1-score": 0.6784007391618803,
    "support": 1050
  }
}